INSERT INTO BRANCH (ID, CITY, HOUSE_NO, POSTAL_CODE, STREET)
VALUES (1,'Wroclaw','11','55-454','legnicka');
INSERT INTO BRANCH (ID, CITY, HOUSE_NO, POSTAL_CODE, STREET)
VALUES (2,'Poznań','44','60-454','zachodnia');

INSERT INTO EMPLOYEE(ID, first_Name, LAST_NAME, POSITION, BRANCH_ID)
VALUES (1, 'Janusz', 'Kowalski', 'MANAGER', 1);
INSERT INTO EMPLOYEE(ID, first_Name, LAST_NAME, POSITION, BRANCH_ID)
VALUES (2, 'Andrzej', 'Kowal', 'MANAGER', 2);
INSERT INTO EMPLOYEE(ID, first_Name, LAST_NAME, POSITION, BRANCH_ID)
VALUES (3, 'Marek', 'Pas', 'SELLER', 1);
INSERT INTO EMPLOYEE(ID, first_Name, LAST_NAME, POSITION, BRANCH_ID)
VALUES (4, 'Zenek', 'Niema', 'SELLER', 2);
INSERT INTO EMPLOYEE(ID, first_Name, LAST_NAME, POSITION, BRANCH_ID)
VALUES (5, 'Marta', 'Piesza', 'ACCOUNTANT', 1);

INSERT INTO CAR (ID, CAR_BRAND_MODEL,	CAR_COLOR, CAR_TYPE, ENGINE_CAPACITY, MILEAGE, HORSE_POWER, PRODUCTION_YEAR )
VALUES (1, 'BMW', 'BLACK', 'COUPE', '2000', '14033', '177', '2018-10-10');
INSERT INTO CAR (ID, CAR_BRAND_MODEL,	CAR_COLOR, CAR_TYPE, ENGINE_CAPACITY, MILEAGE, HORSE_POWER, PRODUCTION_YEAR )
VALUES (2, 'VW', 'WHITE', 'COMBI', '1600', '134033', '130', '2017-11-11');

INSERT INTO CAR_TO_EMPLOYEE (CAR_ID, EMPLOYEE_ID)
VALUES (1,1);
INSERT INTO CAR_TO_EMPLOYEE (CAR_ID, EMPLOYEE_ID)
VALUES (2,2);
INSERT INTO CAR_TO_EMPLOYEE (CAR_ID, EMPLOYEE_ID)
VALUES (1,3);
INSERT INTO CAR_TO_EMPLOYEE (CAR_ID, EMPLOYEE_ID)
VALUES (2,4);

INSERT INTO CLIENT(ID, CITY, HOUSE_NO, POSTAL_CODE, STREET, FIRST_NAME, LAST_NAME, CARD_NUMBER, BIRTH_DATE)
VALUES (1,'Wrocław', '1', '54-333', 'Sienkiewicza', 'Anna', 'kowalska', '34569483983', '1990-05-03' );
INSERT INTO CLIENT(ID, CITY, HOUSE_NO, POSTAL_CODE, STREET, FIRST_NAME, LAST_NAME, CARD_NUMBER, BIRTH_DATE)
VALUES (2,'Wrocław', '2a', '54-333', 'Mala', 'Marek', 'kowalska', '34569483983', '1990-05-03' );
INSERT INTO CLIENT(ID, CITY, HOUSE_NO, POSTAL_CODE, STREET, FIRST_NAME, LAST_NAME, CARD_NUMBER, BIRTH_DATE)
VALUES (3,'Wrocław', '3a', '54-333', 'nowa', 'Antoni', 'kowalska', '34569483983', '1990-05-03' );
INSERT INTO CLIENT(ID, CITY, HOUSE_NO, POSTAL_CODE, STREET, FIRST_NAME, LAST_NAME, CARD_NUMBER, BIRTH_DATE)
VALUES (4,'Wrocław', '4a', '54-333', 'Sienkiewicza', 'Zenon', 'kowalska', '34569483983', '1990-05-03' );
INSERT INTO CLIENT(ID, CITY, HOUSE_NO, POSTAL_CODE, STREET, FIRST_NAME, LAST_NAME, CARD_NUMBER, BIRTH_DATE)
VALUES (5,'Wrocław', '5a', '54-333', 'Długa', 'Ksawery', 'kowalska', '34569483983', '1990-05-03' );


INSERT INTO RENTAL(ID, START_DATE, END_DATE, TOTAL_PRICE, CAR_ID, CLIENT_ID, BRANCH_START, BRANCH_END)
VALUES(1, '2019-02-10', '2019-02-15', '700', 2, 1, 1,1);